AgentID,AgentName,Specialization,Phone,Email,OfficeLocation,WorkingHours,Languages,CertificationLevel
AGT001,Sarah Johnson,Health Insurance,555-0101,sarah.johnson@insurance.com,New York Office,Mon-Fri 8AM-6PM,English;Spanish,Senior
AGT002,Michael Chen,Auto Insurance,555-0102,michael.chen@insurance.com,Los Angeles Office,Mon-Fri 9AM-7PM,English;Mandarin,Expert
AGT003,Lisa Rodriguez,Home Insurance,555-0103,lisa.rodriguez@insurance.com,Chicago Office,Mon-Fri 8AM-5PM,English;Spanish,Senior
AGT004,David Kim,Travel Insurance,555-0104,david.kim@insurance.com,Seattle Office,Mon-Sat 7AM-8PM,English;Korean,Expert
AGT005,Emily Watson,Life Insurance,555-0105,emily.watson@insurance.com,Boston Office,Mon-Fri 9AM-6PM,English;French,Senior
AGT006,Robert Brown,Multi-line Specialist,555-0106,robert.brown@insurance.com,Dallas Office,Mon-Fri 8AM-7PM,English,Expert
AGT007,Jennifer Davis,Claims Specialist,555-0107,jennifer.davis@insurance.com,Miami Office,Mon-Fri 8AM-6PM,English;Spanish,Senior
AGT008,James Wilson,Commercial Insurance,555-0108,james.wilson@insurance.com,Denver Office,Mon-Fri 9AM-5PM,English,Expert
AGT009,Maria Garcia,Bilingual Specialist,555-0109,maria.garcia@insurance.com,Phoenix Office,Mon-Sat 8AM-7PM,English;Spanish,Senior
AGT010,Thomas Anderson,Senior Adjuster,555-0110,thomas.anderson@insurance.com,Atlanta Office,24/7 Emergency,English,Expert
AGT011,Linda Martinez,Health Specialist,555-0111,linda.martinez@insurance.com,San Francisco Office,Mon-Fri 9AM-6PM,English;Spanish,Senior
AGT012,Kevin Lee,Auto Claims Expert,555-0112,kevin.lee@insurance.com,Portland Office,Mon-Fri 8AM-7PM,English;Korean,Expert
AGT013,Amanda Taylor,Home Claims Specialist,555-0113,amanda.taylor@insurance.com,Nashville Office,Mon-Fri 8AM-5PM,English,Senior
AGT014,Christopher Moore,Travel Expert,555-0114,christopher.moore@insurance.com,Orlando Office,Mon-Sun 6AM-10PM,English;German,Expert
AGT015,Michelle Thompson,Life Insurance Advisor,555-0115,michelle.thompson@insurance.com,Philadelphia Office,Mon-Fri 9AM-6PM,English,Senior
